{
  "people_ahead_count": 0.6279030714547836,
  "active_staff_count": 0.2675751810127618,
  "rolling_avg_service_duration": 0.05641334365061033,
  "current_delay_minutes": 0.03294009718194155,
  "no_show_rate_today": 0.0032768490522906823
}