{
  "people_ahead_count": 0.6279147008153771,
  "active_staff_count": 0.2675315335325318,
  "rolling_avg_service_duration": 0.056260471607662704,
  "current_delay_minutes": 0.032992620488985415,
  "no_show_rate_today": 0.0032524723061744445
}